{
    "Atlantic Division Teams": [
        {
            "teamLogo": "Celtics.jpg",
            "teamName": "Boston Celtics",
            "winP": 0.622,
            "GamesBehind": 2,
            "ConP": 0.630,
            "HomeP": 0.683,
            "HeadC": "Ime Udoka"
        },
        {
            "teamLogo": "76ers.jpg",
            "teamName": "Philedelphia 76ers",
            "winP": 0.622,
            "GamesBehind": 2,
            "ConP": 0.635,
            "HomeP": 0.585,
            "HeadC": "Doc Rivers"
        }
    ]
}