{
    "NBA Player": [

{
    "playerName": "Giannis Antetokounmpo",
    "team": "Milwaukee Bucks",
    "ppg": 29.9,
    "apg": 5.8,
    "rpg": 11.6
  },
  {
    "playerName": "Nikola Jokic",
    "team": "Denver Nuggets",
    "ppg": 27.1,
    "apg": 7.9,
    "rpg": 13.8
  },
  {
    "playerName": "Kevin Durant",
    "team": "Brooklyn Nets",
    "ppg": 29.9,
    "apg": 6.4,
    "rpg": 7.4
  },
  {
    "playerName": "Steph Curry",
    "team": "Golden State Warriors",
    "ppg": 25.5,
    "apg": 6.3,
    "rpg": 5.2
  }
],
"Nba Teams":[
  {
    "teamName": "Boston Celtics",
    "winP": 0.622,
    "GamesBehind": 2,
    "ConP": 0.630,
    "HomeP": 0.683
  },
  {
    "teamName": "Philedelphia 76ers",
    "winP": 0.622,
    "GamesBehind": 2,
    "ConP": 0.635,
    "HomeP": 0.585
  },
  {
    "teamName": "Milwaukee Bucks",
    "winP": 0.622,
    "GamesBehind": 2,
    "ConP": 0.635,
    "HomeP": 0.659
  },
  {
    "teamName": "Chicago Bulls",
    "winP": 0.561,
    "GamesBehind": 7,
    "ConP": 0.558,
    "HomeP": 0.659
  },
  {
    "teamName": "Miami Heat",
    "winP": 0.646,
    "GamesBehind": 1,
    "ConP": 0.673,
    "HomeP": 0.707
  },
  {
    "teamName": "Atlanta Hawks",
    "winP": 0.524,
    "GamesBehind": 10,
    "ConP": 0.500,
    "HomeP": 0.659
  },
  {
    "teamName": "Utah Jazz",
    "winP": 0.598,
    "GamesBehind": 15,
    "ConP": 0.635,
    "HomeP": 0.707
  },
  {
    "teamName": "Denver Index",
    "winP": 0.585,
    "GamesBehind": 16,
    "ConP": 0.558,
    "HomeP": 0.561
  },
  {
    "teamName": "Pheonix Suns",
    "winP": 0.780,
    "GamesBehind": 0,
    "ConP": 0.750,
    "HomeP": 0.780
  },
  {
    "teamName": "Golden State Warriors",
    "winP": 0.646,
    "GamesBehind": 11,
    "ConP": 0.635,
    "HomeP": 0.756
  },
  {
    "teamName": "Memphis Grizzlies",
    "winP": 0.683,
    "GamesBehind": 8,
    "ConP": 0.692,
    "HomeP": 0.732
  },
  {
    "teamName": "Dallas Mavericks",
    "winP": 0.634,
    "GamesBehind": 12,
    "ConP": 0.692,
    "HomeP": 0.707
  }
]

}