{
    "Pacific Division Teams": [
        {
            "teamLogo": "Suns.jpg",
            "teamName": "Pheonix Suns",
            "winP": 0.780,
            "GamesBehind": 0,
            "ConP": 0.750,
            "HomeP": 0.780,
            "HeadC": "Monty Williams"
        },
        {
            "teamLogo": "Warriors.jpg",
            "teamName": "Golden State Warriors",
            "winP": 0.646,
            "GamesBehind": 11,
            "ConP": 0.635,
            "HomeP": 0.756,
            "HeadC": "Steve Kerr"
        }
    ]
}